region,text_type,source,ttr,unique_ratio,hapax_ratio,avg_freq,n_words,n_unique
Екатеринбург,smi,e1.ru,0.653,0.715,0.78,1.4,213,139
Екатеринбург,smi,e1.ru,0.571,0.667,0.765,1.5,396,226
Екатеринбург,smi,e1.ru,0.615,0.715,0.747,1.4,416,256
Екатеринбург,smi,e1.ru,0.657,0.758,0.79,1.32,210,138
Екатеринбург,smi,e1.ru,0.606,0.719,0.765,1.39,221,134
Екатеринбург,smi,e1.ru,0.606,0.678,0.695,1.48,155,94
Екатеринбург,smi,e1.ru,0.689,0.77,0.787,1.3,151,104
Екатеринбург,smi,e1.ru,0.565,0.703,0.782,1.42,444,251
Екатеринбург,smi,e1.ru,0.583,0.66,0.753,1.52,192,112
Екатеринбург,smi,e1.ru,0.594,0.742,0.785,1.35,458,272
Екатеринбург,smi,e1.ru,0.623,0.689,0.768,1.45,260,162
Екатеринбург,smi,e1.ru,0.534,0.706,0.769,1.42,468,250
Екатеринбург,smi,e1.ru,0.536,0.589,0.691,1.7,336,180
Екатеринбург,smi,e1.ru,0.67,0.781,0.811,1.28,373,250
Екатеринбург,smi,e1.ru,0.596,0.702,0.75,1.43,418,249
Екатеринбург,smi,e1.ru,0.596,0.672,0.715,1.49,270,161
Екатеринбург,smi,e1.ru,0.46,0.519,0.518,1.93,278,128
Екатеринбург,smi,e1.ru,0.889,0.893,0.92,1.12,36,32
Екатеринбург,smi,e1.ru,0.594,0.636,0.722,1.57,320,190
Екатеринбург,smi,e1.ru,0.659,0.767,0.808,1.3,390,257
Екатеринбург,smi,e1.ru,0.644,0.739,0.809,1.35,374,241
Екатеринбург,smi,e1.ru,0.615,0.708,0.753,1.41,273,168
Екатеринбург,smi,e1.ru,0.671,0.803,0.827,1.25,410,275
Екатеринбург,smi,e1.ru,0.556,0.628,0.739,1.59,414,230
Екатеринбург,smi,e1.ru,0.657,0.729,0.766,1.37,169,111
Екатеринбург,smi,e1.ru,0.61,0.73,0.817,1.37,423,258
Екатеринбург,smi,e1.ru,0.605,0.684,0.708,1.46,205,124
Екатеринбург,smi,e1.ru,0.736,0.885,0.897,1.13,182,134
Екатеринбург,smi,e1.ru,0.638,0.72,0.793,1.39,354,226
Екатеринбург,smi,e1.ru,0.63,0.667,0.761,1.5,162,102
Новосибирск,smi,ngs.ru,0.824,0.895,0.912,1.12,51,42
Новосибирск,smi,ngs.ru,0.586,0.701,0.735,1.43,394,231
Новосибирск,smi,ngs.ru,0.824,0.895,0.912,1.12,51,42
Новосибирск,smi,ngs.ru,0.572,0.671,0.757,1.49,435,249
Новосибирск,smi,ngs.ru,0.824,0.895,0.912,1.12,51,42
Новосибирск,smi,ngs.ru,0.705,0.802,0.835,1.25,410,289
Новосибирск,smi,ngs.ru,0.616,0.778,0.796,1.29,443,273
Новосибирск,smi,ngs.ru,0.49,0.576,0.737,1.74,400,196
Новосибирск,smi,ngs.ru,0.696,0.76,0.801,1.32,217,151
Новосибирск,smi,ngs.ru,0.659,0.736,0.728,1.36,179,118
Новосибирск,smi,ngs.ru,0.525,0.576,0.663,1.74,339,178
Новосибирск,smi,ngs.ru,0.596,0.644,0.705,1.55,203,121
Новосибирск,smi,ngs.ru,0.513,0.667,0.755,1.5,435,223
Новосибирск,smi,ngs.ru,0.5,0.561,0.68,1.78,370,185
Новосибирск,smi,ngs.ru,0.594,0.742,0.785,1.35,458,272
Новосибирск,smi,ngs.ru,0.594,0.636,0.722,1.57,320,190
Новосибирск,smi,ngs.ru,0.659,0.767,0.808,1.3,390,257
Новосибирск,smi,ngs.ru,0.59,0.616,0.649,1.62,156,92
Новосибирск,smi,ngs.ru,0.625,0.733,0.729,1.36,253,158
Новосибирск,smi,ngs.ru,0.573,0.666,0.713,1.5,377,216
Новосибирск,smi,ngs.ru,0.534,0.706,0.769,1.42,468,250
Новосибирск,smi,ngs.ru,0.671,0.803,0.827,1.25,410,275
Новосибирск,smi,ngs.ru,0.556,0.628,0.739,1.59,414,230
Новосибирск,smi,ngs.ru,0.606,0.663,0.693,1.51,216,131
Новосибирск,smi,ngs.ru,0.638,0.72,0.793,1.39,354,226
Новосибирск,smi,ngs.ru,0.561,0.646,0.741,1.55,280,157
Новосибирск,smi,ngs.ru,0.615,0.652,0.744,1.53,161,99
Новосибирск,smi,ngs.ru,0.595,0.676,0.753,1.48,284,169
Новосибирск,smi,ngs.ru,0.709,0.763,0.81,1.31,220,156
Новосибирск,smi,ngs.ru,0.61,0.73,0.817,1.37,423,258
Челябинск,smi,74.ru,0.612,0.725,0.741,1.38,381,233
Челябинск,smi,74.ru,0.824,0.895,0.912,1.12,51,42
Челябинск,smi,74.ru,0.552,0.637,0.739,1.57,422,233
Челябинск,smi,74.ru,0.824,0.895,0.912,1.12,51,42
Челябинск,smi,74.ru,0.544,0.61,0.644,1.64,406,221
Челябинск,smi,74.ru,0.824,0.895,0.912,1.12,51,42
Челябинск,smi,74.ru,0.516,0.614,0.704,1.63,417,215
Челябинск,smi,74.ru,0.572,0.642,0.76,1.56,411,235
Челябинск,smi,74.ru,0.492,0.577,0.701,1.73,429,211
Челябинск,smi,74.ru,0.633,0.702,0.828,1.43,390,247
Челябинск,smi,74.ru,0.594,0.742,0.785,1.35,458,272
Челябинск,smi,74.ru,0.83,0.889,0.906,1.12,47,39
Челябинск,smi,74.ru,0.534,0.706,0.769,1.42,468,250
Челябинск,smi,74.ru,0.529,0.582,0.681,1.72,331,175
Челябинск,smi,74.ru,0.679,0.787,0.77,1.27,134,91
Челябинск,smi,74.ru,0.816,0.911,0.917,1.1,103,84
Челябинск,smi,74.ru,0.806,0.905,0.921,1.11,62,50
Челябинск,smi,74.ru,0.594,0.636,0.722,1.57,320,190
Челябинск,smi,74.ru,0.659,0.767,0.808,1.3,390,257
Челябинск,smi,74.ru,0.744,0.837,0.841,1.2,125,93
Челябинск,smi,74.ru,0.623,0.727,0.787,1.38,247,154
Челябинск,smi,74.ru,0.586,0.66,0.781,1.51,396,232
Челябинск,smi,74.ru,0.671,0.803,0.827,1.25,410,275
Челябинск,smi,74.ru,0.627,0.732,0.806,1.37,410,257
Челябинск,smi,74.ru,0.556,0.628,0.739,1.59,414,230
Челябинск,smi,74.ru,0.61,0.688,0.786,1.45,395,241
Челябинск,smi,74.ru,0.824,0.895,0.912,1.12,51,42
Челябинск,smi,74.ru,0.575,0.639,0.712,1.57,355,204
Челябинск,smi,74.ru,0.61,0.73,0.817,1.37,423,258
Челябинск,smi,74.ru,0.638,0.72,0.793,1.39,354,226
Ростов,smi,161.ru,0.52,0.588,0.766,1.7,400,208
Ростов,smi,161.ru,0.612,0.735,0.815,1.36,405,248
Ростов,smi,161.ru,0.824,0.895,0.912,1.12,51,42
Ростов,smi,161.ru,0.52,0.662,0.755,1.51,454,236
Ростов,smi,161.ru,0.523,0.619,0.668,1.62,407,213
Ростов,smi,161.ru,0.567,0.712,0.789,1.41,446,253
Ростов,smi,161.ru,0.509,0.681,0.739,1.47,470,239
Ростов,smi,161.ru,0.607,0.725,0.767,1.38,402,244
Ростов,smi,161.ru,0.717,0.819,0.865,1.22,166,119
Ростов,smi,161.ru,0.623,0.727,0.787,1.38,247,154
Ростов,smi,161.ru,0.529,0.582,0.681,1.72,331,175
Ростов,smi,161.ru,0.61,0.73,0.817,1.37,423,258
Ростов,smi,161.ru,0.686,0.782,0.829,1.28,188,129
Ростов,smi,161.ru,0.603,0.715,0.794,1.4,423,255
Ростов,smi,161.ru,0.594,0.636,0.722,1.57,320,190
Ростов,smi,161.ru,0.659,0.767,0.808,1.3,390,257
Ростов,smi,161.ru,0.523,0.6,0.726,1.67,367,192
Ростов,smi,161.ru,0.885,0.905,0.921,1.11,52,46
Ростов,smi,161.ru,0.671,0.803,0.827,1.25,410,275
Ростов,smi,161.ru,0.556,0.628,0.739,1.59,414,230
Ростов,smi,161.ru,0.616,0.744,0.787,1.34,425,262
Ростов,smi,161.ru,0.558,0.686,0.755,1.46,434,242
Ростов,smi,161.ru,0.638,0.72,0.793,1.39,354,226
Ростов,smi,161.ru,0.654,0.676,0.75,1.48,159,104
Ростов,smi,161.ru,0.691,0.758,0.847,1.32,123,85
Ростов,smi,161.ru,0.463,0.516,0.574,1.94,415,192
Ростов,smi,161.ru,0.673,0.742,0.772,1.35,159,107
Ростов,smi,161.ru,0.878,0.923,0.944,1.08,49,43
Ростов,smi,161.ru,0.717,0.775,0.833,1.29,212,152
Ростов,smi,161.ru,0.611,0.688,0.755,1.45,401,245
Омск,smi,ngs55.ru,0.557,0.648,0.701,1.54,262,146
Омск,smi,ngs55.ru,0.523,0.613,0.722,1.63,405,212
Омск,smi,ngs55.ru,0.718,0.79,0.777,1.27,156,112
Омск,smi,ngs55.ru,0.621,0.75,0.75,1.33,132,82
Омск,smi,ngs55.ru,0.645,0.736,0.708,1.36,166,107
Омск,smi,ngs55.ru,0.658,0.73,0.716,1.37,190,125
Омск,smi,ngs55.ru,0.526,0.647,0.689,1.55,447,235
Омск,smi,ngs55.ru,0.742,0.812,0.833,1.23,128,95
Омск,smi,ngs55.ru,0.513,0.667,0.755,1.5,435,223
Омск,smi,ngs55.ru,0.626,0.682,0.72,1.47,203,127
Омск,smi,ngs55.ru,0.706,0.787,0.838,1.27,136,96
Омск,smi,ngs55.ru,0.889,0.893,0.92,1.12,36,32
Омск,smi,ngs55.ru,0.435,0.485,0.591,2.06,317,138
Омск,smi,ngs55.ru,0.599,0.748,0.787,1.34,456,273
Омск,smi,ngs55.ru,0.534,0.706,0.769,1.42,468,250
Омск,smi,ngs55.ru,0.702,0.755,0.766,1.32,121,85
Омск,smi,ngs55.ru,0.555,0.676,0.72,1.48,373,207
Омск,smi,ngs55.ru,0.659,0.767,0.808,1.3,390,257
Омск,smi,ngs55.ru,0.72,0.802,0.835,1.25,132,95
Омск,smi,ngs55.ru,0.646,0.698,0.689,1.43,130,84
Омск,smi,ngs55.ru,0.671,0.803,0.827,1.25,410,275
Омск,smi,ngs55.ru,0.684,0.785,0.852,1.27,234,160
Омск,smi,ngs55.ru,0.544,0.607,0.713,1.65,360,196
Омск,smi,ngs55.ru,0.742,0.853,0.84,1.17,124,92
Омск,smi,ngs55.ru,0.724,0.828,0.805,1.21,123,89
Омск,smi,ngs55.ru,0.63,0.741,0.803,1.35,246,155
Омск,smi,ngs55.ru,0.697,0.788,0.795,1.27,132,92
Омск,smi,ngs55.ru,0.691,0.758,0.847,1.32,123,85
Омск,smi,ngs55.ru,0.61,0.73,0.817,1.37,423,258
Омск,smi,ngs55.ru,0.689,0.767,0.808,1.3,164,113
Краснодар,smi,93.ru,0.697,0.865,0.872,1.16,241,168
Краснодар,smi,93.ru,0.587,0.708,0.792,1.41,424,249
Краснодар,smi,93.ru,0.824,0.895,0.912,1.12,51,42
Краснодар,smi,93.ru,0.584,0.614,0.839,1.63,370,216
Краснодар,smi,93.ru,0.824,0.895,0.912,1.12,51,42
Краснодар,smi,93.ru,0.571,0.658,0.742,1.52,373,213
Краснодар,smi,93.ru,0.567,0.579,0.658,1.73,141,80
Краснодар,smi,93.ru,0.603,0.726,0.789,1.38,423,255
Краснодар,smi,93.ru,0.746,0.845,0.86,1.18,142,106
Краснодар,smi,93.ru,0.623,0.727,0.787,1.38,247,154
Краснодар,smi,93.ru,0.559,0.634,0.729,1.58,349,195
Краснодар,smi,93.ru,0.884,0.909,0.933,1.1,43,38
Краснодар,smi,93.ru,0.61,0.73,0.817,1.37,423,258
Краснодар,smi,93.ru,0.571,0.635,0.575,1.57,84,48
Краснодар,smi,93.ru,0.885,0.908,0.899,1.1,87,77
Краснодар,smi,93.ru,0.652,0.714,0.8,1.4,164,107
Краснодар,smi,93.ru,0.603,0.715,0.794,1.4,423,255
Краснодар,smi,93.ru,0.659,0.767,0.808,1.3,390,257
Краснодар,smi,93.ru,0.671,0.803,0.827,1.25,410,275
Краснодар,smi,93.ru,0.654,0.811,0.8,1.23,104,68
Краснодар,smi,93.ru,0.616,0.744,0.787,1.34,425,262
Краснодар,smi,93.ru,0.611,0.719,0.799,1.39,337,206
Краснодар,smi,93.ru,0.691,0.758,0.847,1.32,123,85
Краснодар,smi,93.ru,0.463,0.516,0.574,1.94,415,192
Краснодар,smi,93.ru,0.758,0.823,0.846,1.22,99,75
Краснодар,smi,93.ru,0.619,0.691,0.768,1.45,402,249
Краснодар,smi,93.ru,0.62,0.736,0.796,1.36,366,227
Краснодар,smi,93.ru,0.909,0.925,0.939,1.08,66,60
Краснодар,smi,93.ru,0.807,0.871,0.87,1.15,88,71
Краснодар,smi,93.ru,0.831,0.918,0.933,1.09,65,54
Ростов,video,youtube,0.67,0.81,0.856,1.24,270,181
Ростов,video,youtube,0.745,0.882,0.883,1.13,102,76
Ростов,video,youtube,0.825,1.0,1.0,1.0,57,47
Ростов,video,youtube,0.488,0.598,0.657,1.67,482,235
Ростов,video,youtube,0.481,0.608,0.68,1.65,482,232
Ростов,video,youtube,0.481,0.648,0.774,1.54,543,261
Ростов,video,youtube,0.507,0.661,0.744,1.51,525,266
Ростов,video,youtube,0.535,0.658,0.726,1.52,254,136
Ростов,video,youtube,0.491,0.617,0.726,1.62,521,256
Ростов,video,youtube,0.498,0.66,0.737,1.52,500,249
Ростов,video,youtube,0.505,0.685,0.763,1.46,511,258
Санкт-Петербург,video,youtube,0.565,0.676,0.739,1.48,207,117
Санкт-Петербург,video,youtube,0.659,0.753,0.781,1.33,132,87
Санкт-Петербург,video,youtube,0.679,0.838,0.875,1.19,165,112
Санкт-Петербург,video,youtube,0.586,0.747,0.79,1.34,140,82
Санкт-Петербург,video,youtube,0.714,0.836,0.839,1.2,105,75
Санкт-Петербург,video,youtube,0.473,0.667,0.725,1.5,491,232
Санкт-Петербург,video,youtube,0.422,0.57,0.728,1.76,491,207
Санкт-Петербург,video,youtube,0.52,0.669,0.711,1.5,456,237
Санкт-Петербург,video,youtube,0.465,0.618,0.689,1.62,492,229
Санкт-Петербург,video,youtube,0.51,0.674,0.715,1.48,500,255
Санкт-Петербург,video,youtube,0.424,0.575,0.658,1.74,514,218
Санкт-Петербург,video,youtube,0.545,0.707,0.75,1.41,459,250
Санкт-Петербург,video,youtube,0.516,0.708,0.755,1.41,490,253
не определён,review,kaggle_reviews,0.76,0.818,0.778,1.22,25,19
не определён,review,kaggle_reviews,0.903,0.905,0.895,1.11,31,28
не определён,review,kaggle_reviews,0.923,1.0,1.0,1.0,26,24
не определён,review,kaggle_reviews,0.889,0.857,0.833,1.17,18,16
не определён,review,kaggle_reviews,1.0,1.0,1.0,1.0,12,12
не определён,review,kaggle_reviews,0.74,0.77,0.807,1.3,96,71
не определён,review,kaggle_reviews,0.8,0.929,0.923,1.08,20,16
не определён,review,kaggle_reviews,0.909,1.0,1.0,1.0,11,10
не определён,review,kaggle_reviews,0.941,1.0,1.0,1.0,17,16
не определён,review,kaggle_reviews,0.9,0.933,0.929,1.07,20,18
не определён,review,kaggle_reviews,0.933,0.958,0.957,1.04,30,28
не определён,review,kaggle_reviews,0.752,0.936,0.955,1.07,141,106
не определён,review,kaggle_reviews,0.944,0.923,0.917,1.08,18,17
не определён,review,kaggle_reviews,0.917,0.917,0.909,1.09,12,11
не определён,review,kaggle_reviews,0.697,0.797,0.827,1.25,195,136
не определён,review,kaggle_reviews,0.867,0.952,0.95,1.05,30,26
не определён,review,kaggle_reviews,1.0,1.0,1.0,1.0,11,11
не определён,review,kaggle_reviews,0.741,0.912,0.903,1.1,108,80
не определён,review,kaggle_reviews,0.826,0.886,0.871,1.13,46,38
не определён,review,kaggle_reviews,1.0,1.0,1.0,1.0,28,28
не определён,review,kaggle_reviews,0.929,1.0,1.0,1.0,14,13
не определён,review,kaggle_reviews,0.8,0.87,0.9,1.15,30,24
не определён,review,kaggle_reviews,0.892,0.935,0.93,1.07,65,58
не определён,review,kaggle_reviews,0.893,0.952,0.95,1.05,28,25
не определён,review,kaggle_reviews,0.75,0.958,0.957,1.04,40,30
не определён,review,kaggle_reviews,1.0,1.0,1.0,1.0,10,10
не определён,review,kaggle_reviews,0.816,0.848,0.857,1.18,49,40
не определён,review,kaggle_reviews,0.8,0.826,0.842,1.21,30,24
не определён,review,kaggle_reviews,1.0,1.0,1.0,1.0,23,23
не определён,review,kaggle_reviews,0.732,0.75,0.762,1.33,41,30
не определён,review,kaggle_reviews,0.764,0.879,0.885,1.14,199,152
не определён,review,kaggle_reviews,0.895,0.818,0.778,1.22,19,17
не определён,review,kaggle_reviews,0.925,0.95,0.947,1.05,53,49
не определён,review,kaggle_reviews,1.0,1.0,1.0,1.0,11,11
не определён,review,kaggle_reviews,0.732,0.955,0.952,1.05,41,30
не определён,review,kaggle_reviews,0.852,0.944,0.941,1.06,27,23
не определён,review,kaggle_reviews,0.933,1.0,1.0,1.0,15,14
не определён,review,kaggle_reviews,0.842,0.963,0.962,1.04,38,32
не определён,review,kaggle_reviews,0.896,0.902,0.892,1.11,48,43
не определён,review,kaggle_reviews,0.741,0.943,0.939,1.06,112,83
не определён,review,kaggle_reviews,0.818,1.0,1.0,1.0,11,9
не определён,review,kaggle_reviews,0.796,0.905,0.895,1.11,113,90
не определён,review,kaggle_reviews,0.917,0.917,0.909,1.09,12,11
не определён,review,kaggle_reviews,0.889,0.898,0.932,1.11,63,56
не определён,review,kaggle_reviews,0.955,1.0,1.0,1.0,22,21
не определён,review,kaggle_reviews,0.9,1.0,1.0,1.0,20,18
не определён,review,kaggle_reviews,0.84,0.81,0.824,1.24,25,21
не определён,review,kaggle_reviews,0.846,1.0,1.0,1.0,26,22
не определён,review,kaggle_reviews,0.853,0.839,0.846,1.19,34,29
не определён,review,kaggle_reviews,0.943,1.0,1.0,1.0,35,33
не определён,review,kaggle_reviews,0.968,1.0,1.0,1.0,31,30
не определён,review,kaggle_reviews,0.952,1.0,1.0,1.0,21,20
не определён,review,kaggle_reviews,1.0,1.0,1.0,1.0,11,11
не определён,review,kaggle_reviews,0.938,0.933,0.929,1.07,16,15
не определён,review,kaggle_reviews,0.658,0.861,0.879,1.16,219,144
не определён,review,kaggle_reviews,1.0,1.0,1.0,1.0,16,16
не определён,review,kaggle_reviews,1.0,1.0,1.0,1.0,12,12
не определён,review,kaggle_reviews,0.944,0.933,0.929,1.07,18,17
не определён,review,kaggle_reviews,0.963,0.947,0.944,1.06,27,26
не определён,review,kaggle_reviews,1.0,1.0,1.0,1.0,12,12
не определён,review,kaggle_reviews,1.0,1.0,1.0,1.0,16,16
не определён,review,kaggle_reviews,0.712,0.827,0.87,1.21,191,136
не определён,review,kaggle_reviews,0.705,0.795,0.788,1.26,112,79
не определён,review,kaggle_reviews,0.833,1.0,1.0,1.0,12,10
не определён,review,kaggle_reviews,1.0,1.0,1.0,1.0,14,14
не определён,review,kaggle_reviews,0.931,0.958,0.957,1.04,29,27
не определён,review,kaggle_reviews,0.881,0.967,0.966,1.03,42,37
не определён,review,kaggle_reviews,0.947,1.0,1.0,1.0,19,18
не определён,review,kaggle_reviews,0.938,0.913,0.952,1.1,32,30
не определён,review,kaggle_reviews,0.929,0.909,0.9,1.1,14,13
не определён,review,kaggle_reviews,1.0,1.0,1.0,1.0,12,12
не определён,review,kaggle_reviews,0.825,0.9,0.889,1.11,40,33
не определён,review,kaggle_reviews,0.956,0.97,0.969,1.03,45,43
не определён,review,kaggle_reviews,0.786,0.857,0.869,1.17,126,99
не определён,review,kaggle_reviews,0.933,0.923,0.917,1.08,15,14
не определён,review,kaggle_reviews,0.809,0.886,0.919,1.13,94,76
не определён,review,kaggle_reviews,1.0,1.0,1.0,1.0,11,11
не определён,review,kaggle_reviews,1.0,1.0,1.0,1.0,12,12
не определён,review,kaggle_reviews,0.848,0.913,0.905,1.1,33,28
не определён,review,kaggle_reviews,1.0,1.0,1.0,1.0,11,11
не определён,review,kaggle_reviews,0.833,0.915,0.93,1.09,60,50
не определён,review,kaggle_reviews,1.0,1.0,1.0,1.0,13,13
не определён,review,kaggle_reviews,0.818,1.0,1.0,1.0,11,9
не определён,review,kaggle_reviews,0.9,0.889,0.875,1.12,10,9
не определён,review,kaggle_reviews,0.969,0.962,0.96,1.04,32,31
не определён,review,kaggle_reviews,0.833,0.889,0.875,1.12,12,10
не определён,review,kaggle_reviews,0.897,0.952,0.95,1.05,29,26
не определён,review,kaggle_reviews,1.0,1.0,1.0,1.0,12,12
не определён,review,kaggle_reviews,1.0,1.0,1.0,1.0,13,13
не определён,review,kaggle_reviews,1.0,1.0,1.0,1.0,11,11
не определён,review,kaggle_reviews,0.726,0.774,0.805,1.29,73,53
не определён,review,kaggle_reviews,0.903,1.0,1.0,1.0,31,28
не определён,review,kaggle_reviews,0.67,0.788,0.8,1.27,209,140
не определён,review,kaggle_reviews,0.882,0.909,0.9,1.1,17,15
не определён,review,kaggle_reviews,0.887,0.933,0.929,1.07,62,55
не определён,review,kaggle_reviews,0.962,1.0,1.0,1.0,26,25
не определён,review,kaggle_reviews,0.919,1.0,1.0,1.0,37,34
не определён,review,kaggle_reviews,0.857,1.0,1.0,1.0,28,24
не определён,review,kaggle_reviews,1.0,1.0,1.0,1.0,15,15
не определён,review,kaggle_reviews,1.0,1.0,1.0,1.0,22,22
не определён,review,kaggle_reviews,0.963,1.0,1.0,1.0,27,26
не определён,review,kaggle_reviews,0.864,0.842,0.812,1.19,22,19
не определён,review,kaggle_reviews,0.923,0.9,0.889,1.11,13,12
не определён,review,kaggle_reviews,1.0,1.0,1.0,1.0,11,11
не определён,review,kaggle_reviews,0.885,0.933,0.929,1.07,26,23
не определён,review,kaggle_reviews,0.846,0.875,0.857,1.14,26,22
не определён,review,kaggle_reviews,0.944,1.0,1.0,1.0,18,17
не определён,review,kaggle_reviews,0.882,0.893,0.88,1.12,34,30
не определён,review,kaggle_reviews,1.0,1.0,1.0,1.0,16,16
не определён,review,kaggle_reviews,0.818,1.0,1.0,1.0,11,9
не определён,review,kaggle_reviews,1.0,1.0,1.0,1.0,24,24
не определён,review,kaggle_reviews,0.895,0.963,0.962,1.04,38,34
не определён,review,kaggle_reviews,0.882,0.833,0.8,1.2,17,15
не определён,review,kaggle_reviews,0.9,0.875,0.857,1.14,10,9
не определён,review,kaggle_reviews,0.947,0.941,0.938,1.06,19,18
не определён,review,kaggle_reviews,0.793,0.898,0.912,1.11,174,138
не определён,review,kaggle_reviews,0.818,0.875,0.857,1.14,66,54
не определён,review,kaggle_reviews,0.969,1.0,1.0,1.0,32,31
не определён,review,kaggle_reviews,0.933,1.0,1.0,1.0,15,14
не определён,review,kaggle_reviews,1.0,1.0,1.0,1.0,13,13
не определён,review,kaggle_reviews,1.0,1.0,1.0,1.0,21,21
не определён,review,kaggle_reviews,0.811,0.919,0.912,1.09,53,43
не определён,review,kaggle_reviews,0.818,0.909,0.9,1.1,33,27
не определён,review,kaggle_reviews,0.864,0.812,0.769,1.23,22,19
не определён,review,kaggle_reviews,0.926,1.0,1.0,1.0,27,25
не определён,review,kaggle_reviews,0.846,0.941,0.938,1.06,26,22
не определён,review,kaggle_reviews,1.0,1.0,1.0,1.0,16,16
не определён,review,kaggle_reviews,0.725,0.833,0.85,1.2,69,50
не определён,review,kaggle_reviews,1.0,1.0,1.0,1.0,11,11
не определён,review,kaggle_reviews,0.825,0.896,0.884,1.12,57,47
не определён,review,kaggle_reviews,0.793,0.944,0.941,1.06,29,23
не определён,review,kaggle_reviews,0.737,0.929,0.923,1.08,95,70
не определён,review,kaggle_reviews,0.913,0.944,0.941,1.06,23,21
не определён,review,kaggle_reviews,0.913,1.0,1.0,1.0,23,21
не определён,review,kaggle_reviews,0.967,1.0,1.0,1.0,30,29
не определён,review,kaggle_reviews,0.941,0.923,0.917,1.08,17,16
не определён,review,kaggle_reviews,0.933,1.0,1.0,1.0,15,14
не определён,review,kaggle_reviews,0.952,1.0,1.0,1.0,21,20
не определён,review,kaggle_reviews,1.0,1.0,1.0,1.0,16,16
не определён,review,kaggle_reviews,1.0,1.0,1.0,1.0,14,14
не определён,review,kaggle_reviews,0.933,0.909,0.9,1.1,30,28
не определён,review,kaggle_reviews,0.909,1.0,1.0,1.0,11,10
не определён,review,kaggle_reviews,0.923,1.0,1.0,1.0,13,12
не определён,review,kaggle_reviews,0.9,0.971,0.97,1.03,50,45
не определён,review,kaggle_reviews,0.67,0.79,0.826,1.27,197,132
не определён,review,kaggle_reviews,1.0,1.0,1.0,1.0,17,17
не определён,review,kaggle_reviews,0.925,0.914,0.906,1.09,40,37
не определён,review,kaggle_reviews,0.792,0.879,0.897,1.14,48,38
не определён,review,kaggle_reviews,0.857,1.0,1.0,1.0,35,30
не определён,review,kaggle_reviews,0.95,1.0,1.0,1.0,20,19
не определён,review,kaggle_reviews,0.833,1.0,1.0,1.0,12,10
не определён,review,kaggle_reviews,0.839,0.913,0.905,1.1,62,52
не определён,review,kaggle_reviews,0.938,1.0,1.0,1.0,16,15
не определён,review,kaggle_reviews,0.929,1.0,1.0,1.0,14,13
не определён,review,kaggle_reviews,0.774,0.901,0.902,1.11,124,96
не определён,review,kaggle_reviews,0.87,0.944,0.941,1.06,23,20
не определён,review,kaggle_reviews,1.0,1.0,1.0,1.0,16,16
не определён,review,kaggle_reviews,1.0,1.0,1.0,1.0,20,20
не определён,review,kaggle_reviews,1.0,1.0,1.0,1.0,10,10
не определён,review,kaggle_reviews,1.0,1.0,1.0,1.0,14,14
не определён,review,kaggle_reviews,0.933,1.0,1.0,1.0,15,14
не определён,review,kaggle_reviews,0.765,0.891,0.899,1.12,213,163
не определён,review,kaggle_reviews,0.818,0.933,0.929,1.07,22,18
не определён,review,kaggle_reviews,0.875,0.957,0.955,1.05,56,49
не определён,review,kaggle_reviews,1.0,1.0,1.0,1.0,21,21
не определён,review,kaggle_reviews,1.0,1.0,1.0,1.0,13,13
не определён,review,kaggle_reviews,0.955,1.0,1.0,1.0,22,21
не определён,review,kaggle_reviews,0.875,0.933,0.929,1.07,40,35
не определён,review,kaggle_reviews,0.854,0.966,0.964,1.04,41,35
не определён,review,kaggle_reviews,1.0,1.0,1.0,1.0,19,19
не определён,review,kaggle_reviews,0.909,1.0,1.0,1.0,11,10
не определён,review,kaggle_reviews,0.889,0.944,0.941,1.06,27,24
не определён,review,kaggle_reviews,0.818,0.973,0.972,1.03,55,45
не определён,review,kaggle_reviews,0.824,0.889,0.875,1.12,34,28
не определён,review,kaggle_reviews,0.802,0.915,0.93,1.09,126,101
не определён,review,kaggle_reviews,0.902,0.944,0.941,1.06,41,37
не определён,review,kaggle_reviews,0.944,0.929,0.923,1.08,18,17
не определён,review,kaggle_reviews,1.0,1.0,1.0,1.0,12,12
не определён,review,kaggle_reviews,0.661,0.853,0.879,1.17,177,117
не определён,review,kaggle_reviews,1.0,1.0,1.0,1.0,13,13
не определён,review,kaggle_reviews,0.806,0.902,0.891,1.11,67,54
не определён,review,kaggle_reviews,0.926,0.95,0.947,1.05,27,25
не определён,review,kaggle_reviews,0.958,0.95,0.947,1.05,24,23
не определён,review,kaggle_reviews,0.625,0.807,0.776,1.24,136,85
не определён,review,kaggle_reviews,0.969,0.957,0.955,1.05,32,31
не определён,review,kaggle_reviews,0.865,0.963,0.962,1.04,37,32
не определён,review,kaggle_reviews,0.86,0.897,0.923,1.12,43,37
не определён,review,kaggle_reviews,0.957,1.0,1.0,1.0,23,22
не определён,review,kaggle_reviews,0.826,0.944,0.941,1.06,23,19
не определён,review,kaggle_reviews,0.917,1.0,1.0,1.0,12,11
не определён,review,kaggle_reviews,0.882,0.833,0.8,1.2,17,15
не определён,review,kaggle_reviews,0.958,1.0,1.0,1.0,24,23
не определён,review,kaggle_reviews,0.87,0.938,0.933,1.07,23,20
не определён,review,kaggle_reviews,1.0,1.0,1.0,1.0,24,24
не определён,review,kaggle_reviews,0.797,0.972,0.971,1.03,64,51
не определён,review,kaggle_reviews,0.92,0.947,0.944,1.06,25,23
не определён,review,kaggle_reviews,0.929,0.917,0.909,1.09,14,13
не определён,review,kaggle_reviews,0.797,0.877,0.88,1.14,79,63
не определён,review,kaggle_reviews,0.9,1.0,1.0,1.0,10,9
не определён,review,kaggle_reviews,0.929,0.957,0.955,1.05,28,26
не определён,review,kaggle_reviews,0.931,1.0,1.0,1.0,29,27
не определён,review,kaggle_reviews,0.909,0.947,0.944,1.06,22,20
не определён,review,kaggle_reviews,1.0,1.0,1.0,1.0,14,14
не определён,review,kaggle_reviews,1.0,1.0,1.0,1.0,11,11
не определён,review,kaggle_reviews,1.0,1.0,1.0,1.0,11,11
не определён,review,kaggle_reviews,0.964,0.941,0.938,1.06,28,27
не определён,review,kaggle_reviews,1.0,1.0,1.0,1.0,11,11
не определён,review,kaggle_reviews,0.868,0.969,0.968,1.03,91,79
не определён,review,kaggle_reviews,1.0,1.0,1.0,1.0,10,10
не определён,review,kaggle_reviews,0.811,0.897,0.885,1.12,37,30
не определён,review,kaggle_reviews,0.929,1.0,1.0,1.0,28,26
не определён,review,kaggle_reviews,0.599,0.755,0.778,1.32,232,139
не определён,review,kaggle_reviews,0.933,0.909,0.9,1.1,15,14
не определён,review,kaggle_reviews,1.0,1.0,1.0,1.0,14,14
не определён,review,kaggle_reviews,0.7,0.828,0.872,1.21,203,142
не определён,review,kaggle_reviews,0.785,0.864,0.895,1.16,65,51
не определён,review,kaggle_reviews,0.875,0.92,0.913,1.09,32,28
не определён,review,kaggle_reviews,0.754,0.85,0.901,1.18,142,107
не определён,review,kaggle_reviews,1.0,1.0,1.0,1.0,22,22
не определён,review,kaggle_reviews,1.0,1.0,1.0,1.0,14,14
не определён,review,kaggle_reviews,1.0,1.0,1.0,1.0,16,16
не определён,review,kaggle_reviews,0.875,0.933,0.929,1.07,24,21
не определён,review,kaggle_reviews,1.0,1.0,1.0,1.0,10,10
не определён,review,kaggle_reviews,0.673,0.769,0.817,1.3,110,74
не определён,review,kaggle_reviews,0.923,1.0,1.0,1.0,13,12
не определён,review,kaggle_reviews,0.929,1.0,1.0,1.0,14,13
не определён,review,kaggle_reviews,0.926,0.955,0.952,1.05,27,25
не определён,review,kaggle_reviews,0.857,0.846,0.909,1.18,14,12
не определён,review,kaggle_reviews,1.0,1.0,1.0,1.0,11,11
не определён,review,kaggle_reviews,0.917,0.964,0.963,1.04,36,33
не определён,review,kaggle_reviews,0.949,1.0,1.0,1.0,39,37
не определён,review,kaggle_reviews,1.0,1.0,1.0,1.0,23,23
не определён,review,kaggle_reviews,0.83,0.968,0.967,1.03,47,39
не определён,review,kaggle_reviews,1.0,1.0,1.0,1.0,14,14
не определён,review,kaggle_reviews,0.962,0.947,0.944,1.06,26,25
не определён,review,kaggle_reviews,0.818,1.0,1.0,1.0,11,9
не определён,review,kaggle_reviews,1.0,1.0,1.0,1.0,17,17
не определён,review,kaggle_reviews,1.0,1.0,1.0,1.0,17,17
не определён,review,kaggle_reviews,0.889,0.929,0.923,1.08,18,16
не определён,review,kaggle_reviews,1.0,1.0,1.0,1.0,13,13
не определён,review,kaggle_reviews,0.719,0.821,0.875,1.22,57,41
не определён,review,kaggle_reviews,0.933,1.0,1.0,1.0,45,42
не определён,review,kaggle_reviews,0.935,0.957,0.955,1.05,31,29
не определён,review,kaggle_reviews,0.87,0.875,0.857,1.14,23,20
не определён,review,kaggle_reviews,0.842,0.897,0.904,1.12,76,64
не определён,review,kaggle_reviews,1.0,1.0,1.0,1.0,14,14
не определён,review,kaggle_reviews,0.885,0.941,0.938,1.06,26,23
не определён,review,kaggle_reviews,0.83,0.906,0.931,1.1,47,39
не определён,review,kaggle_reviews,0.833,0.917,0.909,1.09,48,40
не определён,review,kaggle_reviews,0.906,1.0,1.0,1.0,32,29
не определён,review,kaggle_reviews,0.912,0.913,0.905,1.1,34,31
не определён,review,kaggle_reviews,1.0,1.0,1.0,1.0,19,19
не определён,review,kaggle_reviews,0.652,0.796,0.802,1.26,158,103
не определён,review,kaggle_reviews,0.779,0.912,0.925,1.1,199,155
не определён,review,kaggle_reviews,0.944,0.933,0.929,1.07,18,17
не определён,review,kaggle_reviews,1.0,1.0,1.0,1.0,10,10
не определён,review,kaggle_reviews,0.9,0.907,0.923,1.1,50,45
не определён,review,kaggle_reviews,0.947,0.941,0.938,1.06,19,18
не определён,review,kaggle_reviews,0.886,0.902,0.891,1.11,79,70
не определён,review,kaggle_reviews,0.848,0.95,0.947,1.05,33,28
не определён,review,kaggle_reviews,1.0,1.0,1.0,1.0,10,10
не определён,review,kaggle_reviews,0.917,0.929,0.923,1.08,24,22
не определён,review,kaggle_reviews,1.0,1.0,1.0,1.0,16,16
не определён,review,kaggle_reviews,0.786,0.885,0.87,1.13,42,33
не определён,review,kaggle_reviews,0.939,0.935,0.931,1.07,33,31
не определён,review,kaggle_reviews,0.686,0.837,0.859,1.2,220,151
не определён,review,kaggle_reviews,1.0,1.0,1.0,1.0,26,26
не определён,review,kaggle_reviews,0.935,0.96,0.958,1.04,31,29
не определён,review,kaggle_reviews,0.7,0.889,0.906,1.12,120,84
не определён,review,kaggle_reviews,0.947,1.0,1.0,1.0,19,18
не определён,review,kaggle_reviews,0.72,0.86,0.895,1.16,143,103
не определён,review,kaggle_reviews,0.846,0.944,0.941,1.06,26,22
не определён,review,kaggle_reviews,0.952,1.0,1.0,1.0,21,20
не определён,review,kaggle_reviews,0.875,0.889,0.875,1.12,16,14
не определён,review,kaggle_reviews,1.0,1.0,1.0,1.0,14,14
не определён,review,kaggle_reviews,1.0,1.0,1.0,1.0,17,17
не определён,review,kaggle_reviews,0.895,0.917,0.909,1.09,19,17
не определён,review,kaggle_reviews,0.655,0.715,0.71,1.4,174,114
не определён,review,kaggle_reviews,0.804,0.962,0.96,1.04,46,37
не определён,review,kaggle_reviews,1.0,1.0,1.0,1.0,11,11
не определён,review,kaggle_reviews,0.778,0.867,0.885,1.15,81,63
не определён,review,kaggle_reviews,1.0,1.0,1.0,1.0,15,15
не определён,review,kaggle_reviews,0.797,0.863,0.864,1.16,69,55
не определён,review,kaggle_reviews,0.833,1.0,1.0,1.0,12,10
не определён,review,kaggle_reviews,0.922,1.0,1.0,1.0,51,47
не определён,review,kaggle_reviews,0.871,0.957,0.955,1.05,31,27
не определён,review,kaggle_reviews,0.943,1.0,1.0,1.0,35,33
не определён,review,kaggle_reviews,1.0,1.0,1.0,1.0,10,10
не определён,review,kaggle_reviews,0.926,0.895,0.882,1.12,27,25
не определён,review,kaggle_reviews,0.73,0.846,0.875,1.18,137,100
не определён,review,kaggle_reviews,0.891,0.917,0.909,1.09,46,41
не определён,review,kaggle_reviews,0.933,1.0,1.0,1.0,15,14
не определён,review,kaggle_reviews,1.0,1.0,1.0,1.0,21,21
не определён,review,kaggle_reviews,0.938,0.957,0.955,1.05,32,30
не определён,review,kaggle_reviews,1.0,1.0,1.0,1.0,15,15
не определён,review,kaggle_reviews,0.703,0.886,0.919,1.13,209,147
не определён,review,kaggle_reviews,0.852,1.0,1.0,1.0,27,23
не определён,review,kaggle_reviews,0.674,0.776,0.803,1.29,141,95
не определён,review,kaggle_reviews,0.81,0.933,0.929,1.07,21,17
не определён,review,kaggle_reviews,0.662,0.889,0.875,1.12,68,45
не определён,review,kaggle_reviews,0.857,0.917,0.909,1.09,21,18
не определён,review,kaggle_reviews,0.885,0.864,0.842,1.16,26,23
не определён,review,kaggle_reviews,1.0,1.0,1.0,1.0,10,10
не определён,review,kaggle_reviews,0.941,0.933,0.929,1.07,17,16
не определён,review,kaggle_reviews,0.918,0.973,0.972,1.03,49,45
не определён,review,kaggle_reviews,1.0,1.0,1.0,1.0,15,15
не определён,review,kaggle_reviews,0.706,0.895,0.882,1.12,34,24
не определён,review,kaggle_reviews,0.944,1.0,1.0,1.0,18,17
не определён,review,kaggle_reviews,0.792,0.8,0.812,1.25,24,19
не определён,review,kaggle_reviews,0.933,0.917,0.909,1.09,30,28
не определён,review,kaggle_reviews,0.917,1.0,1.0,1.0,12,11
не определён,review,kaggle_reviews,1.0,1.0,1.0,1.0,11,11
не определён,review,kaggle_reviews,0.917,0.946,0.943,1.06,48,44
не определён,review,kaggle_reviews,1.0,1.0,1.0,1.0,10,10
не определён,review,kaggle_reviews,0.917,1.0,1.0,1.0,12,11
не определён,review,kaggle_reviews,0.885,1.0,1.0,1.0,26,23
не определён,review,kaggle_reviews,0.909,0.938,0.933,1.07,22,20
не определён,review,kaggle_reviews,0.938,1.0,1.0,1.0,16,15
не определён,review,kaggle_reviews,0.824,0.8,0.8,1.25,34,28
не определён,review,kaggle_reviews,1.0,1.0,1.0,1.0,11,11
не определён,review,kaggle_reviews,0.76,0.824,0.857,1.21,25,19
не определён,review,kaggle_reviews,0.9,1.0,1.0,1.0,20,18
не определён,review,kaggle_reviews,1.0,1.0,1.0,1.0,19,19
не определён,review,kaggle_reviews,0.909,0.917,0.909,1.09,22,20
не определён,review,kaggle_reviews,0.833,0.909,0.9,1.1,18,15
не определён,review,kaggle_reviews,0.831,0.872,0.902,1.15,65,54
не определён,review,kaggle_reviews,0.923,0.955,0.952,1.05,52,48
не определён,review,kaggle_reviews,0.95,1.0,1.0,1.0,20,19
не определён,review,kaggle_reviews,0.703,0.805,0.798,1.24,172,121
не определён,review,kaggle_reviews,1.0,1.0,1.0,1.0,10,10
не определён,review,kaggle_reviews,0.95,0.941,0.938,1.06,20,19
не определён,review,kaggle_reviews,0.875,0.92,0.957,1.09,32,28
не определён,review,kaggle_reviews,0.773,0.8,0.792,1.25,44,34
не определён,review,kaggle_reviews,1.0,1.0,1.0,1.0,15,15
не определён,review,kaggle_reviews,0.852,0.947,0.944,1.06,27,23
не определён,review,kaggle_reviews,0.789,0.857,0.875,1.17,38,30
не определён,review,kaggle_reviews,0.909,0.9,0.889,1.11,11,10
не определён,review,kaggle_reviews,1.0,1.0,1.0,1.0,11,11
не определён,review,kaggle_reviews,0.933,1.0,1.0,1.0,30,28
не определён,review,kaggle_reviews,1.0,1.0,1.0,1.0,12,12
не определён,review,kaggle_reviews,1.0,1.0,1.0,1.0,11,11
не определён,review,kaggle_reviews,1.0,1.0,1.0,1.0,19,19
не определён,review,kaggle_reviews,0.943,1.0,1.0,1.0,35,33
не определён,review,kaggle_reviews,0.9,1.0,1.0,1.0,10,9
не определён,review,kaggle_reviews,0.75,0.852,0.826,1.17,44,33
не определён,review,kaggle_reviews,0.941,1.0,1.0,1.0,17,16
не определён,review,kaggle_reviews,1.0,1.0,1.0,1.0,10,10
не определён,review,kaggle_reviews,0.688,0.825,0.881,1.21,202,139
не определён,review,kaggle_reviews,0.929,0.97,0.969,1.03,42,39
не определён,review,kaggle_reviews,0.857,0.938,0.933,1.07,21,18
не определён,review,kaggle_reviews,0.967,1.0,1.0,1.0,30,29
не определён,review,kaggle_reviews,0.902,0.935,0.953,1.07,61,55
не определён,review,kaggle_reviews,1.0,1.0,1.0,1.0,12,12
не определён,review,kaggle_reviews,0.917,1.0,1.0,1.0,12,11
не определён,review,kaggle_reviews,1.0,1.0,1.0,1.0,13,13
не определён,review,kaggle_reviews,0.804,0.846,0.818,1.18,51,41
не определён,review,kaggle_reviews,0.889,0.895,0.882,1.12,27,24
не определён,review,kaggle_reviews,0.971,1.0,1.0,1.0,34,33
не определён,review,kaggle_reviews,0.852,0.895,0.912,1.12,54,46
не определён,review,kaggle_reviews,0.881,0.942,0.939,1.06,67,59
не определён,review,kaggle_reviews,0.783,0.857,0.905,1.17,69,54
не определён,review,kaggle_reviews,0.933,1.0,1.0,1.0,15,14
не определён,review,kaggle_reviews,0.906,0.955,0.952,1.05,32,29
не определён,review,kaggle_reviews,0.917,0.889,0.875,1.12,12,11
не определён,review,kaggle_reviews,1.0,1.0,1.0,1.0,13,13
не определён,review,kaggle_reviews,0.756,0.876,0.89,1.14,197,149
не определён,review,kaggle_reviews,0.724,0.82,0.82,1.22,87,63
не определён,review,kaggle_reviews,0.938,0.923,0.917,1.08,16,15
не определён,review,kaggle_reviews,0.896,0.917,0.909,1.09,48,43
не определён,review,kaggle_reviews,0.708,0.841,0.838,1.19,72,51
не определён,review,kaggle_reviews,0.643,0.786,0.827,1.27,210,135
не определён,review,kaggle_reviews,0.941,0.963,0.962,1.04,34,32
не определён,review,kaggle_reviews,0.97,0.957,0.955,1.05,33,32
не определён,review,kaggle_reviews,0.893,0.95,0.947,1.05,28,25
не определён,review,kaggle_reviews,0.929,1.0,1.0,1.0,14,13
не определён,review,kaggle_reviews,1.0,1.0,1.0,1.0,14,14
не определён,review,kaggle_reviews,0.923,1.0,1.0,1.0,13,12
не определён,review,kaggle_reviews,0.938,1.0,1.0,1.0,16,15
не определён,review,kaggle_reviews,0.674,0.791,0.818,1.26,193,130
не определён,review,kaggle_reviews,0.759,0.899,0.897,1.11,166,126
не определён,review,kaggle_reviews,1.0,1.0,1.0,1.0,10,10
не определён,review,kaggle_reviews,0.739,0.83,0.795,1.21,69,51
не определён,review,kaggle_reviews,0.867,1.0,1.0,1.0,15,13
не определён,review,kaggle_reviews,0.9,0.933,0.929,1.07,20,18
не определён,review,kaggle_reviews,0.831,0.89,0.926,1.12,118,98
не определён,review,kaggle_reviews,1.0,1.0,1.0,1.0,13,13
не определён,review,kaggle_reviews,1.0,1.0,1.0,1.0,10,10
не определён,review,kaggle_reviews,0.745,0.802,0.831,1.25,106,79
не определён,review,kaggle_reviews,0.793,0.87,0.85,1.15,29,23
не определён,review,kaggle_reviews,0.913,0.967,0.966,1.03,46,42
не определён,review,kaggle_reviews,0.962,0.95,0.947,1.05,26,25
не определён,review,kaggle_reviews,0.885,1.0,1.0,1.0,26,23
не определён,review,kaggle_reviews,0.882,0.971,0.971,1.03,51,45
не определён,review,kaggle_reviews,0.909,1.0,1.0,1.0,11,10
не определён,review,kaggle_reviews,0.75,1.0,1.0,1.0,20,15
не определён,review,kaggle_reviews,0.773,0.857,0.833,1.17,22,17
не определён,review,kaggle_reviews,1.0,1.0,1.0,1.0,18,18
не определён,review,kaggle_reviews,0.675,0.759,0.8,1.32,212,143
не определён,review,kaggle_reviews,0.917,0.947,0.944,1.06,24,22
не определён,review,kaggle_reviews,0.9,1.0,1.0,1.0,10,9
не определён,review,kaggle_reviews,0.923,0.917,0.909,1.09,13,12
не определён,review,kaggle_reviews,0.913,1.0,1.0,1.0,23,21
не определён,review,kaggle_reviews,1.0,1.0,1.0,1.0,16,16
не определён,review,kaggle_reviews,0.891,0.938,0.967,1.07,46,41
не определён,review,kaggle_reviews,1.0,1.0,1.0,1.0,18,18
не определён,review,kaggle_reviews,0.816,0.93,0.943,1.08,152,124
не определён,review,kaggle_reviews,0.939,0.929,0.923,1.08,33,31
не определён,review,kaggle_reviews,1.0,1.0,1.0,1.0,13,13
не определён,review,kaggle_reviews,0.712,0.838,0.881,1.19,118,84
не определён,review,kaggle_reviews,0.8,0.908,0.915,1.1,95,76
не определён,review,kaggle_reviews,0.828,0.929,0.949,1.08,58,48
не определён,review,kaggle_reviews,0.781,0.907,0.897,1.1,64,50
не определён,review,kaggle_reviews,1.0,1.0,1.0,1.0,10,10
не определён,review,kaggle_reviews,0.862,0.87,0.95,1.15,29,25
не определён,review,kaggle_reviews,1.0,1.0,1.0,1.0,18,18
не определён,review,kaggle_reviews,0.826,0.941,0.938,1.06,23,19
не определён,review,kaggle_reviews,0.938,0.96,0.958,1.04,32,30
не определён,review,kaggle_reviews,0.892,0.929,0.923,1.08,37,33
не определён,review,kaggle_reviews,0.941,1.0,1.0,1.0,34,32
не определён,review,kaggle_reviews,1.0,1.0,1.0,1.0,10,10
не определён,review,kaggle_reviews,1.0,1.0,1.0,1.0,19,19
не определён,review,kaggle_reviews,1.0,1.0,1.0,1.0,14,14
не определён,review,kaggle_reviews,0.857,0.857,0.875,1.17,35,30
не определён,review,kaggle_reviews,0.958,1.0,1.0,1.0,24,23
не определён,review,kaggle_reviews,0.952,0.947,0.944,1.06,21,20
не определён,review,kaggle_reviews,1.0,1.0,1.0,1.0,16,16
не определён,review,kaggle_reviews,0.9,1.0,1.0,1.0,10,9
не определён,corpus,opencorpora,0.613,0.727,0.799,1.38,429,263
не определён,corpus,opencorpora,0.733,0.821,0.829,1.22,251,184
не определён,corpus,opencorpora,0.696,0.804,0.856,1.24,425,296
не определён,corpus,opencorpora,0.647,0.776,0.824,1.29,431,279
не определён,corpus,opencorpora,0.549,0.619,0.722,1.62,408,224
не определён,corpus,opencorpora,0.599,0.736,0.808,1.36,446,267
не определён,corpus,opencorpora,0.586,0.686,0.787,1.46,408,239
не определён,corpus,opencorpora,0.582,0.699,0.771,1.43,419,244
не определён,corpus,opencorpora,0.606,0.71,0.798,1.41,432,262
не определён,corpus,opencorpora,0.63,0.759,0.78,1.32,430,271
не определён,corpus,opencorpora,0.629,0.731,0.795,1.37,415,261
не определён,corpus,opencorpora,0.653,0.772,0.781,1.3,392,256
не определён,corpus,opencorpora,0.705,0.837,0.91,1.19,421,297
не определён,corpus,opencorpora,0.604,0.706,0.792,1.42,442,267
не определён,corpus,opencorpora,0.716,0.856,0.891,1.17,409,293
не определён,corpus,opencorpora,0.544,0.661,0.754,1.51,410,223
не определён,corpus,opencorpora,0.618,0.774,0.846,1.29,453,280
не определён,corpus,opencorpora,0.635,0.806,0.823,1.24,444,282
не определён,corpus,opencorpora,0.622,0.732,0.774,1.37,421,262
не определён,corpus,opencorpora,0.517,0.704,0.775,1.42,522,270
не определён,corpus,opencorpora,0.61,0.709,0.789,1.41,328,200
не определён,corpus,opencorpora,0.579,0.694,0.743,1.44,432,250
не определён,corpus,opencorpora,0.65,0.721,0.773,1.39,383,249
не определён,corpus,opencorpora,0.635,0.752,0.806,1.33,438,278
не определён,corpus,opencorpora,0.629,0.759,0.789,1.32,428,269
не определён,corpus,opencorpora,0.626,0.754,0.837,1.33,454,284
не определён,corpus,opencorpora,0.571,0.655,0.67,1.53,378,216
не определён,corpus,opencorpora,0.594,0.732,0.742,1.37,433,257
не определён,corpus,opencorpora,0.583,0.727,0.796,1.38,465,271
не определён,corpus,opencorpora,0.61,0.719,0.777,1.39,428,261
не определён,corpus,opencorpora,0.634,0.798,0.831,1.25,473,300
не определён,corpus,opencorpora,0.624,0.752,0.837,1.33,444,277
не определён,corpus,opencorpora,0.552,0.633,0.715,1.58,426,235
не определён,corpus,opencorpora,0.506,0.606,0.728,1.65,429,217
не определён,corpus,opencorpora,0.696,0.785,0.839,1.27,421,293
не определён,corpus,opencorpora,0.625,0.713,0.81,1.4,413,258
не определён,corpus,opencorpora,0.683,0.788,0.866,1.27,429,293
не определён,corpus,opencorpora,0.59,0.749,0.785,1.33,449,265
не определён,corpus,opencorpora,0.57,0.688,0.79,1.45,430,245
не определён,corpus,opencorpora,0.616,0.713,0.778,1.4,414,255
не определён,corpus,opencorpora,0.555,0.641,0.764,1.56,465,258
не определён,corpus,opencorpora,0.554,0.653,0.716,1.53,433,240
не определён,corpus,opencorpora,0.512,0.69,0.743,1.45,484,248
не определён,corpus,opencorpora,0.622,0.754,0.792,1.33,460,286
не определён,corpus,opencorpora,0.636,0.76,0.822,1.32,439,279
не определён,corpus,opencorpora,0.483,0.549,0.72,1.82,431,208
не определён,corpus,opencorpora,0.593,0.66,0.793,1.51,396,235
не определён,corpus,opencorpora,0.56,0.657,0.808,1.52,423,237
не определён,corpus,opencorpora,0.597,0.73,0.786,1.37,444,265
не определён,corpus,opencorpora,0.626,0.717,0.767,1.4,441,276
не определён,corpus,opencorpora,0.661,0.822,0.844,1.22,439,290
не определён,corpus,opencorpora,0.655,0.796,0.84,1.26,429,281
не определён,corpus,opencorpora,0.672,0.762,0.792,1.31,241,162
не определён,corpus,opencorpora,0.811,0.867,0.885,1.15,37,30
не определён,corpus,opencorpora,0.811,0.822,0.811,1.22,53,43
не определён,corpus,opencorpora,0.719,0.769,0.796,1.3,178,128
не определён,corpus,opencorpora,0.657,0.769,0.825,1.3,207,136
не определён,corpus,opencorpora,0.563,0.622,0.739,1.61,183,103
не определён,corpus,opencorpora,0.673,0.744,0.828,1.34,153,103
не определён,corpus,opencorpora,0.555,0.647,0.718,1.55,425,236
не определён,corpus,opencorpora,0.551,0.659,0.761,1.52,445,245
не определён,corpus,opencorpora,0.639,0.772,0.816,1.3,424,271
не определён,corpus,opencorpora,0.465,0.52,0.688,1.92,428,199
не определён,corpus,opencorpora,0.486,0.555,0.701,1.8,436,212
не определён,corpus,opencorpora,0.529,0.619,0.69,1.61,425,225
не определён,corpus,opencorpora,0.553,0.711,0.732,1.41,519,287
не определён,corpus,opencorpora,0.39,0.425,0.593,2.35,418,163
не определён,corpus,opencorpora,0.592,0.719,0.819,1.39,444,263
не определён,corpus,opencorpora,0.58,0.641,0.75,1.56,174,101
не определён,corpus,opencorpora,0.798,0.907,0.897,1.1,94,75
не определён,corpus,opencorpora,0.525,0.603,0.701,1.66,394,207
не определён,corpus,opencorpora,0.631,0.683,0.674,1.47,84,53
не определён,corpus,opencorpora,0.481,0.534,0.457,1.87,283,136
не определён,corpus,opencorpora,0.653,0.705,0.735,1.42,176,115
не определён,corpus,opencorpora,0.646,0.703,0.825,1.42,395,255
не определён,corpus,opencorpora,0.597,0.767,0.818,1.3,457,273
не определён,corpus,opencorpora,0.571,0.693,0.797,1.44,450,257
не определён,corpus,opencorpora,0.543,0.589,0.764,1.7,254,138
не определён,corpus,opencorpora,0.67,0.684,0.704,1.46,97,65
не определён,corpus,opencorpora,0.665,0.768,0.825,1.3,424,282
не определён,corpus,opencorpora,0.654,0.771,0.828,1.3,439,287
не определён,corpus,opencorpora,0.7,0.78,0.806,1.28,397,278
не определён,corpus,opencorpora,0.648,0.765,0.824,1.31,409,265
не определён,corpus,opencorpora,0.601,0.748,0.769,1.34,461,277
не определён,corpus,opencorpora,0.619,0.703,0.759,1.42,155,96
не определён,corpus,opencorpora,0.625,0.731,0.767,1.37,392,245
не определён,corpus,opencorpora,0.721,0.781,0.794,1.28,172,124
не определён,corpus,opencorpora,0.752,0.835,0.814,1.2,125,94
не определён,corpus,opencorpora,0.791,0.882,0.878,1.13,134,106
не определён,corpus,opencorpora,0.56,0.664,0.753,1.51,448,251
не определён,corpus,opencorpora,0.658,0.796,0.827,1.26,415,273
не определён,corpus,opencorpora,0.624,0.784,0.828,1.28,450,281
не определён,corpus,opencorpora,0.545,0.674,0.746,1.48,433,236
не определён,corpus,opencorpora,0.793,0.848,0.896,1.18,92,73
не определён,corpus,opencorpora,0.742,0.814,0.835,1.23,120,89
не определён,corpus,opencorpora,0.718,0.756,0.808,1.32,227,163
не определён,corpus,opencorpora,0.624,0.771,0.859,1.3,447,279
не определён,corpus,opencorpora,0.622,0.756,0.829,1.32,444,276
не определён,corpus,opencorpora,0.619,0.754,0.773,1.33,431,267
не определён,corpus,opencorpora,0.833,0.889,0.911,1.12,78,65
не определён,corpus,opencorpora,0.693,0.801,0.84,1.25,202,140
не определён,corpus,opencorpora,0.661,0.771,0.818,1.3,274,181
не определён,corpus,opencorpora,0.705,0.794,0.815,1.26,129,91
не определён,corpus,opencorpora,0.729,0.833,0.871,1.2,107,78
не определён,corpus,opencorpora,0.705,0.795,0.796,1.26,149,105
не определён,corpus,opencorpora,0.586,0.683,0.775,1.46,413,242
не определён,corpus,opencorpora,0.653,0.739,0.8,1.35,288,188
не определён,corpus,opencorpora,0.653,0.741,0.799,1.35,392,256
не определён,corpus,opencorpora,0.593,0.673,0.773,1.49,410,243
не определён,corpus,opencorpora,0.692,0.75,0.792,1.33,78,54
не определён,corpus,opencorpora,0.747,0.794,0.82,1.26,154,115
не определён,corpus,opencorpora,0.613,0.761,0.814,1.31,442,271
не определён,corpus,opencorpora,0.765,0.857,0.867,1.17,132,101
не определён,corpus,opencorpora,0.623,0.699,0.788,1.43,252,157
не определён,corpus,opencorpora,0.659,0.821,0.868,1.22,443,292
не определён,corpus,opencorpora,0.665,0.779,0.831,1.28,385,256
не определён,corpus,opencorpora,0.602,0.761,0.809,1.31,457,275
не определён,corpus,opencorpora,0.671,0.796,0.838,1.26,428,287
не определён,corpus,opencorpora,0.633,0.735,0.82,1.36,412,261
не определён,corpus,opencorpora,0.616,0.733,0.727,1.36,263,162
не определён,corpus,opencorpora,0.718,0.816,0.887,1.23,124,89
не определён,corpus,opencorpora,0.805,0.897,0.902,1.11,82,66
не определён,corpus,opencorpora,0.693,0.788,0.841,1.27,140,97
не определён,corpus,opencorpora,0.526,0.589,0.667,1.7,401,211
не определён,corpus,opencorpora,0.862,0.934,0.944,1.07,94,81
не определён,corpus,opencorpora,0.594,0.713,0.763,1.4,419,249
не определён,corpus,opencorpora,0.673,0.761,0.787,1.31,156,105
не определён,corpus,opencorpora,0.667,0.804,0.856,1.24,439,293
не определён,corpus,opencorpora,0.596,0.714,0.752,1.4,426,254
не определён,corpus,opencorpora,0.706,0.807,0.846,1.24,398,281
не определён,corpus,opencorpora,0.638,0.754,0.806,1.33,436,278
не определён,corpus,opencorpora,0.533,0.691,0.754,1.45,493,263
не определён,corpus,opencorpora,0.59,0.656,0.738,1.52,161,95
не определён,corpus,opencorpora,0.704,0.816,0.858,1.23,429,302
не определён,corpus,opencorpora,0.621,0.754,0.798,1.33,449,279
не определён,corpus,opencorpora,0.595,0.721,0.8,1.39,464,276
не определён,corpus,opencorpora,0.738,0.852,0.841,1.17,103,76
не определён,corpus,opencorpora,0.537,0.595,0.702,1.68,417,224
не определён,corpus,opencorpora,0.798,0.852,0.884,1.17,99,79
не определён,corpus,opencorpora,0.825,0.806,0.793,1.24,40,33
не определён,corpus,opencorpora,0.713,0.807,0.829,1.24,223,159
не определён,corpus,opencorpora,0.789,0.882,0.902,1.13,123,97
не определён,corpus,opencorpora,0.605,0.726,0.823,1.38,425,257
не определён,corpus,opencorpora,0.612,0.755,0.785,1.32,448,274
не определён,corpus,opencorpora,0.679,0.779,0.8,1.28,106,72
не определён,corpus,opencorpora,0.612,0.663,0.794,1.51,121,74
не определён,corpus,opencorpora,0.506,0.608,0.761,1.64,413,209
не определён,corpus,opencorpora,0.553,0.643,0.775,1.56,284,157
не определён,corpus,opencorpora,0.693,0.761,0.795,1.31,407,282
не определён,corpus,opencorpora,0.674,0.773,0.844,1.29,374,252
не определён,corpus,opencorpora,0.844,0.909,0.9,1.1,32,27
не определён,corpus,opencorpora,0.775,0.875,0.929,1.14,80,62
не определён,corpus,opencorpora,0.542,0.625,0.725,1.6,354,192
не определён,corpus,opencorpora,0.701,0.814,0.857,1.23,221,155
не определён,corpus,opencorpora,0.639,0.738,0.804,1.36,249,159
не определён,corpus,opencorpora,0.642,0.701,0.809,1.43,151,97
не определён,corpus,opencorpora,0.742,0.827,0.823,1.21,194,144
не определён,corpus,opencorpora,0.669,0.733,0.813,1.36,181,121
не определён,corpus,opencorpora,0.591,0.646,0.748,1.55,254,150
не определён,corpus,opencorpora,0.564,0.669,0.765,1.5,236,133
не определён,corpus,opencorpora,0.479,0.551,0.702,1.82,382,183
не определён,corpus,opencorpora,0.507,0.624,0.694,1.6,469,238
не определён,corpus,opencorpora,0.708,0.816,0.849,1.23,373,264
не определён,corpus,opencorpora,0.613,0.747,0.8,1.34,445,273
не определён,corpus,opencorpora,0.754,0.826,0.842,1.21,114,86
не определён,corpus,opencorpora,0.785,0.911,0.951,1.1,121,95
не определён,corpus,opencorpora,0.606,0.686,0.796,1.46,406,246
не определён,corpus,opencorpora,0.688,0.787,0.854,1.27,221,152
не определён,corpus,opencorpora,0.756,0.813,0.85,1.23,160,121
не определён,corpus,opencorpora,0.581,0.682,0.759,1.47,227,132
не определён,corpus,opencorpora,0.797,0.821,0.862,1.22,123,98
не определён,corpus,opencorpora,0.77,0.8,0.839,1.25,87,67
не определён,corpus,opencorpora,0.552,0.699,0.774,1.43,469,259
не определён,corpus,opencorpora,0.581,0.665,0.782,1.5,418,243
не определён,corpus,opencorpora,0.657,0.756,0.836,1.32,245,161
не определён,corpus,opencorpora,0.721,0.813,0.844,1.23,172,124
не определён,corpus,opencorpora,0.58,0.769,0.827,1.3,491,285
не определён,corpus,opencorpora,0.593,0.671,0.806,1.49,194,115
не определён,corpus,opencorpora,0.556,0.666,0.687,1.5,399,222
не определён,corpus,opencorpora,0.515,0.634,0.764,1.58,447,230
не определён,corpus,opencorpora,0.546,0.669,0.75,1.5,452,247
не определён,corpus,opencorpora,0.629,0.734,0.765,1.36,186,117
не определён,corpus,opencorpora,0.715,0.813,0.86,1.23,165,118
не определён,corpus,opencorpora,0.65,0.714,0.752,1.4,220,143
не определён,corpus,opencorpora,0.762,0.818,0.778,1.22,42,32
не определён,corpus,opencorpora,0.65,0.739,0.841,1.35,143,93
не определён,corpus,opencorpora,0.595,0.665,0.748,1.5,311,185
не определён,corpus,opencorpora,0.783,0.831,0.833,1.2,83,65
не определён,corpus,opencorpora,0.613,0.763,0.843,1.31,445,273
не определён,corpus,opencorpora,0.55,0.709,0.776,1.41,480,264
не определён,corpus,opencorpora,0.648,0.774,0.826,1.29,457,296
не определён,corpus,opencorpora,0.576,0.715,0.803,1.4,422,243
не определён,corpus,opencorpora,0.585,0.693,0.759,1.44,467,273
не определён,corpus,opencorpora,0.626,0.706,0.744,1.42,390,244
не определён,corpus,opencorpora,0.657,0.816,0.865,1.23,460,302
не определён,corpus,opencorpora,0.709,0.824,0.87,1.21,402,285
не определён,corpus,opencorpora,0.584,0.7,0.76,1.43,435,254
не определён,corpus,opencorpora,0.665,0.814,0.855,1.23,436,290
не определён,corpus,opencorpora,0.585,0.662,0.681,1.51,393,230
не определён,corpus,opencorpora,0.58,0.731,0.776,1.37,457,265
не определён,corpus,opencorpora,0.651,0.765,0.831,1.31,418,272
не определён,corpus,opencorpora,0.58,0.723,0.794,1.38,467,271
не определён,corpus,opencorpora,0.561,0.714,0.793,1.4,465,261
не определён,corpus,opencorpora,0.596,0.763,0.826,1.31,456,272
не определён,corpus,opencorpora,0.63,0.732,0.786,1.37,424,267
не определён,corpus,opencorpora,0.649,0.784,0.845,1.27,436,283
не определён,corpus,opencorpora,0.642,0.781,0.82,1.28,452,290
не определён,corpus,opencorpora,0.664,0.71,0.763,1.41,140,93
не определён,corpus,opencorpora,0.614,0.806,0.834,1.24,466,286
не определён,corpus,opencorpora,0.588,0.701,0.835,1.43,427,251
не определён,corpus,opencorpora,0.671,0.765,0.813,1.31,307,206
не определён,corpus,opencorpora,0.67,0.765,0.809,1.31,385,258
не определён,corpus,opencorpora,0.579,0.644,0.818,1.55,242,140
не определён,corpus,opencorpora,0.639,0.741,0.774,1.35,399,255
не определён,corpus,opencorpora,0.633,0.776,0.823,1.29,452,286
не определён,corpus,opencorpora,0.644,0.758,0.803,1.32,419,270
не определён,corpus,opencorpora,0.549,0.658,0.789,1.52,448,246
не определён,corpus,opencorpora,0.543,0.663,0.692,1.51,457,248
не определён,corpus,opencorpora,0.699,0.737,0.802,1.36,166,116
не определён,corpus,opencorpora,0.773,0.844,0.852,1.19,128,99
не определён,corpus,opencorpora,0.657,0.828,0.835,1.21,435,286
не определён,corpus,opencorpora,0.66,0.777,0.851,1.29,144,95
не определён,corpus,opencorpora,0.703,0.812,0.852,1.23,263,185
не определён,corpus,opencorpora,0.747,0.844,0.835,1.18,166,124
не определён,corpus,opencorpora,0.705,0.769,0.839,1.3,149,105
не определён,corpus,opencorpora,0.752,0.83,0.859,1.21,121,91
не определён,corpus,opencorpora,0.688,0.783,0.783,1.28,141,97
не определён,corpus,opencorpora,0.727,0.798,0.806,1.25,110,80
не определён,corpus,opencorpora,0.62,0.72,0.763,1.39,413,256
не определён,corpus,opencorpora,0.626,0.725,0.778,1.38,398,249
не определён,corpus,opencorpora,0.585,0.714,0.773,1.4,414,242
не определён,corpus,opencorpora,0.746,0.797,0.816,1.26,142,106
не определён,corpus,opencorpora,0.769,0.862,0.877,1.16,130,100
не определён,corpus,opencorpora,0.59,0.702,0.7,1.43,83,49
не определён,corpus,opencorpora,0.673,0.775,0.826,1.29,419,282
не определён,corpus,opencorpora,0.75,0.839,0.846,1.19,120,90
не определён,corpus,opencorpora,0.692,0.811,0.833,1.23,426,295
не определён,corpus,opencorpora,0.73,0.788,0.827,1.27,230,168
не определён,corpus,opencorpora,0.607,0.663,0.705,1.51,122,74
не определён,corpus,opencorpora,0.604,0.79,0.841,1.27,497,300
не определён,corpus,opencorpora,0.51,0.574,0.697,1.74,157,80
не определён,corpus,opencorpora,0.643,0.704,0.757,1.42,241,155
не определён,corpus,opencorpora,0.617,0.68,0.754,1.47,332,205
не определён,corpus,opencorpora,0.578,0.689,0.758,1.45,417,241
не определён,corpus,opencorpora,0.642,0.741,0.844,1.35,416,267
не определён,corpus,opencorpora,0.677,0.77,0.772,1.3,220,149
не определён,corpus,opencorpora,0.548,0.652,0.75,1.53,250,137
не определён,corpus,opencorpora,0.564,0.705,0.796,1.42,452,255
не определён,corpus,opencorpora,0.8,0.83,0.841,1.2,65,52
не определён,corpus,opencorpora,0.757,0.801,0.826,1.25,218,165
не определён,corpus,opencorpora,0.689,0.76,0.811,1.32,161,111
не определён,corpus,opencorpora,0.757,0.78,0.831,1.28,103,78
не определён,corpus,opencorpora,0.5,0.549,0.692,1.82,332,166
не определён,corpus,opencorpora,0.714,0.811,0.814,1.23,70,50
не определён,corpus,opencorpora,0.425,0.497,0.65,2.01,228,97
не определён,corpus,opencorpora,0.602,0.63,0.706,1.59,128,77
не определён,corpus,opencorpora,0.833,0.885,0.891,1.13,120,100
не определён,corpus,opencorpora,0.776,0.872,0.89,1.15,161,125
не определён,corpus,opencorpora,0.595,0.684,0.782,1.46,422,251
не определён,corpus,opencorpora,0.607,0.757,0.827,1.32,466,283
не определён,corpus,opencorpora,0.746,0.827,0.817,1.21,169,126
не определён,corpus,opencorpora,0.778,0.847,0.894,1.18,144,112
не определён,corpus,opencorpora,0.769,0.833,0.867,1.2,108,83
не определён,corpus,opencorpora,0.665,0.768,0.755,1.3,188,125
не определён,corpus,opencorpora,0.615,0.727,0.802,1.38,447,275
не определён,corpus,opencorpora,0.678,0.814,0.861,1.23,441,299
не определён,corpus,opencorpora,0.762,0.792,0.825,1.26,189,144
не определён,corpus,opencorpora,0.633,0.702,0.805,1.42,199,126
не определён,corpus,opencorpora,0.689,0.77,0.856,1.3,167,115
не определён,corpus,opencorpora,0.401,0.418,0.403,2.39,217,87
не определён,corpus,opencorpora,0.62,0.674,0.655,1.48,108,67
не определён,corpus,opencorpora,0.476,0.513,0.646,1.95,185,88
не определён,corpus,opencorpora,0.638,0.721,0.781,1.39,246,157
не определён,corpus,opencorpora,0.657,0.768,0.813,1.3,245,161
не определён,corpus,opencorpora,0.602,0.723,0.769,1.38,410,247
не определён,corpus,opencorpora,0.75,0.767,0.848,1.3,52,39
не определён,corpus,opencorpora,0.701,0.777,0.812,1.29,164,115
не определён,corpus,opencorpora,0.617,0.715,0.796,1.4,392,242
не определён,corpus,opencorpora,0.787,0.865,0.891,1.16,211,166
не определён,corpus,opencorpora,0.618,0.719,0.775,1.39,359,222
не определён,corpus,opencorpora,0.62,0.723,0.791,1.38,308,191
не определён,corpus,opencorpora,0.647,0.727,0.785,1.38,167,108
не определён,corpus,opencorpora,0.669,0.736,0.753,1.36,142,95
не определён,corpus,opencorpora,0.648,0.769,0.814,1.3,244,158
не определён,corpus,opencorpora,0.923,0.945,0.942,1.06,65,60
не определён,corpus,opencorpora,0.757,0.868,0.864,1.15,103,78
не определён,corpus,opencorpora,0.696,0.776,0.822,1.29,148,103
не определён,corpus,opencorpora,0.678,0.723,0.798,1.38,171,116
не определён,corpus,opencorpora,0.613,0.728,0.745,1.37,217,133
не определён,corpus,opencorpora,0.618,0.704,0.753,1.42,293,181
не определён,corpus,opencorpora,0.593,0.66,0.657,1.51,140,83
не определён,corpus,opencorpora,0.624,0.706,0.78,1.42,242,151
не определён,corpus,opencorpora,0.617,0.697,0.75,1.44,235,145
не определён,corpus,opencorpora,0.758,0.82,0.829,1.22,62,47
не определён,corpus,opencorpora,0.554,0.676,0.772,1.48,439,243
не определён,corpus,opencorpora,0.574,0.716,0.799,1.4,465,267
не определён,corpus,opencorpora,0.64,0.789,0.838,1.27,430,275
не определён,corpus,opencorpora,0.726,0.789,0.76,1.27,124,90
не определён,corpus,opencorpora,0.604,0.746,0.782,1.34,439,265
не определён,corpus,opencorpora,0.589,0.663,0.734,1.51,241,142
не определён,corpus,opencorpora,0.679,0.792,0.852,1.26,109,74
не определён,corpus,opencorpora,0.732,0.85,0.859,1.18,138,101
не определён,corpus,opencorpora,0.691,0.708,0.706,1.41,110,76
не определён,corpus,opencorpora,0.64,0.635,0.6,1.57,75,48
не определён,corpus,opencorpora,0.68,0.774,0.849,1.29,181,123
не определён,corpus,opencorpora,0.628,0.747,0.788,1.34,417,262
не определён,corpus,opencorpora,0.658,0.801,0.872,1.25,445,293
не определён,corpus,opencorpora,0.663,0.73,0.84,1.37,205,136
не определён,corpus,opencorpora,0.768,0.816,0.806,1.23,95,73
не определён,corpus,opencorpora,0.567,0.646,0.703,1.55,307,174
не определён,corpus,opencorpora,0.563,0.655,0.717,1.53,407,229
не определён,corpus,opencorpora,0.636,0.712,0.779,1.41,390,248
не определён,corpus,opencorpora,0.663,0.756,0.816,1.32,270,179
не определён,corpus,opencorpora,0.808,0.895,0.882,1.12,99,80
не определён,corpus,opencorpora,0.817,0.844,0.895,1.18,60,49
не определён,corpus,opencorpora,0.8,0.841,0.838,1.19,55,44
не определён,corpus,opencorpora,0.796,0.835,0.875,1.2,137,109
не определён,corpus,opencorpora,0.797,0.828,0.83,1.21,74,59
не определён,corpus,opencorpora,0.735,0.774,0.756,1.29,68,50
не определён,corpus,opencorpora,0.827,0.881,0.919,1.14,52,43
не определён,corpus,opencorpora,0.853,0.96,0.958,1.04,68,58
не определён,corpus,opencorpora,0.868,0.875,0.857,1.14,38,33
не определён,corpus,opencorpora,0.813,0.841,0.868,1.19,75,61
не определён,corpus,opencorpora,0.789,0.85,0.824,1.18,71,56
не определён,corpus,opencorpora,0.852,0.93,0.925,1.07,54,46
не определён,corpus,opencorpora,0.891,0.932,0.927,1.07,55,49
не определён,corpus,opencorpora,0.833,0.921,0.914,1.09,54,45
не определён,corpus,opencorpora,0.769,0.827,0.814,1.21,65,50
не определён,corpus,opencorpora,0.565,0.714,0.768,1.4,504,285
не определён,corpus,opencorpora,0.557,0.635,0.733,1.57,415,231
не определён,corpus,opencorpora,0.619,0.779,0.827,1.28,459,284
не определён,corpus,opencorpora,0.686,0.75,0.844,1.33,156,107
не определён,corpus,opencorpora,0.58,0.707,0.831,1.42,357,207
не определён,corpus,opencorpora,0.61,0.64,0.697,1.56,172,105
не определён,corpus,opencorpora,0.651,0.718,0.779,1.39,255,166
не определён,corpus,opencorpora,0.722,0.782,0.826,1.28,133,96
не определён,corpus,opencorpora,0.794,0.902,0.918,1.11,155,123
не определён,corpus,opencorpora,0.644,0.73,0.801,1.37,303,195
не определён,corpus,opencorpora,0.794,0.827,0.837,1.21,68,54
не определён,corpus,opencorpora,0.609,0.697,0.748,1.44,248,151
не определён,corpus,opencorpora,0.667,0.748,0.744,1.34,147,98
не определён,corpus,opencorpora,0.711,0.78,0.773,1.28,173,123
не определён,corpus,opencorpora,0.633,0.676,0.728,1.48,166,105
не определён,corpus,opencorpora,0.652,0.705,0.774,1.42,115,75
не определён,corpus,opencorpora,0.67,0.799,0.852,1.25,197,132
не определён,corpus,opencorpora,0.742,0.786,0.764,1.27,93,69
не определён,corpus,opencorpora,0.823,0.841,0.862,1.19,79,65
не определён,corpus,opencorpora,0.938,1.0,1.0,1.0,64,60
не определён,corpus,opencorpora,0.62,0.744,0.832,1.34,442,274
не определён,corpus,opencorpora,0.758,0.832,0.831,1.2,132,100
не определён,corpus,opencorpora,0.616,0.7,0.731,1.43,281,173
не определён,corpus,opencorpora,0.613,0.691,0.732,1.45,119,73
не определён,corpus,opencorpora,0.639,0.739,0.784,1.35,305,195
не определён,corpus,opencorpora,0.567,0.627,0.74,1.59,194,110
не определён,corpus,opencorpora,0.567,0.564,0.661,1.77,134,76
не определён,corpus,opencorpora,0.504,0.584,0.693,1.71,419,211
не определён,corpus,opencorpora,0.696,0.794,0.854,1.26,204,142
не определён,corpus,opencorpora,0.607,0.673,0.729,1.49,135,82
не определён,corpus,opencorpora,0.833,0.93,0.95,1.07,54,45
не определён,corpus,opencorpora,0.706,0.797,0.83,1.26,153,108
не определён,corpus,opencorpora,0.757,0.817,0.854,1.22,136,103
не определён,corpus,opencorpora,0.636,0.694,0.789,1.44,195,124
не определён,corpus,opencorpora,0.71,0.768,0.811,1.3,93,66
не определён,corpus,opencorpora,0.717,0.825,0.824,1.21,145,104
не определён,corpus,opencorpora,0.604,0.653,0.678,1.53,222,134
не определён,corpus,opencorpora,0.609,0.703,0.732,1.42,281,171
не определён,corpus,opencorpora,0.588,0.712,0.797,1.41,432,254
не определён,corpus,opencorpora,0.684,0.759,0.822,1.32,215,147
не определён,corpus,opencorpora,0.634,0.699,0.734,1.43,145,92
не определён,corpus,opencorpora,0.848,0.912,0.919,1.1,79,67
не определён,corpus,opencorpora,0.6,0.72,0.791,1.39,438,263
не определён,corpus,opencorpora,0.693,0.771,0.812,1.3,114,79
не определён,corpus,opencorpora,0.691,0.779,0.773,1.28,149,103
не определён,corpus,opencorpora,0.607,0.703,0.722,1.42,173,105
не определён,corpus,opencorpora,0.756,0.869,0.887,1.15,86,65
не определён,corpus,opencorpora,0.599,0.674,0.681,1.48,177,106
не определён,corpus,opencorpora,0.645,0.735,0.763,1.36,293,189
не определён,corpus,opencorpora,0.488,0.576,0.686,1.74,463,226
не определён,corpus,opencorpora,0.611,0.767,0.846,1.3,442,270
не определён,corpus,opencorpora,0.731,0.756,0.831,1.32,171,125
не определён,corpus,opencorpora,0.651,0.716,0.731,1.4,129,84
не определён,corpus,opencorpora,0.57,0.595,0.745,1.68,93,53
не определён,corpus,opencorpora,0.599,0.648,0.667,1.54,152,91
не определён,corpus,opencorpora,0.838,0.859,0.927,1.16,74,62
не определён,corpus,opencorpora,0.603,0.63,0.74,1.59,267,161
не определён,corpus,opencorpora,0.599,0.705,0.73,1.42,232,139
не определён,corpus,opencorpora,0.532,0.521,0.622,1.92,79,42
не определён,corpus,opencorpora,0.549,0.607,0.741,1.65,246,135
не определён,corpus,opencorpora,0.678,0.745,0.783,1.34,205,139
не определён,corpus,opencorpora,0.671,0.738,0.708,1.35,82,55
не определён,corpus,opencorpora,0.576,0.631,0.732,1.59,165,95
не определён,corpus,opencorpora,0.781,0.778,0.714,1.29,32,25
не определён,corpus,opencorpora,0.647,0.711,0.745,1.41,184,119
не определён,corpus,opencorpora,0.631,0.679,0.667,1.47,111,70
не определён,corpus,opencorpora,0.542,0.584,0.713,1.71,225,122
не определён,corpus,opencorpora,0.872,0.9,0.917,1.11,47,41
не определён,corpus,opencorpora,0.6,0.634,0.688,1.58,130,78
не определён,corpus,opencorpora,0.738,0.75,0.843,1.33,80,59
не определён,corpus,opencorpora,0.647,0.723,0.804,1.38,190,123
не определён,corpus,opencorpora,0.603,0.701,0.825,1.43,426,257
не определён,corpus,opencorpora,0.575,0.639,0.588,1.56,160,92
не определён,corpus,opencorpora,0.771,0.787,0.843,1.27,109,84
не определён,corpus,opencorpora,0.528,0.582,0.674,1.72,197,104
не определён,corpus,opencorpora,0.534,0.647,0.724,1.55,339,181
не определён,corpus,opencorpora,0.595,0.626,0.646,1.6,158,94
не определён,corpus,opencorpora,0.624,0.676,0.781,1.48,178,111
не определён,corpus,opencorpora,0.554,0.596,0.742,1.68,327,181
не определён,corpus,opencorpora,0.525,0.611,0.767,1.64,493,259
не определён,corpus,opencorpora,0.537,0.635,0.727,1.58,410,220
не определён,corpus,opencorpora,0.829,0.889,0.917,1.12,105,87
не определён,corpus,opencorpora,0.824,0.901,0.938,1.11,91,75
не определён,corpus,opencorpora,0.589,0.653,0.704,1.53,197,116
не определён,corpus,opencorpora,0.657,0.777,0.842,1.29,402,264
не определён,corpus,opencorpora,0.608,0.669,0.784,1.49,189,115
не определён,corpus,opencorpora,0.587,0.675,0.74,1.48,155,91
не определён,corpus,opencorpora,0.693,0.756,0.78,1.32,101,70
не определён,corpus,opencorpora,0.734,0.83,0.871,1.2,203,149
не определён,corpus,opencorpora,0.616,0.685,0.784,1.46,203,125
не определён,corpus,opencorpora,0.765,0.815,0.833,1.23,102,78
не определён,corpus,opencorpora,0.672,0.72,0.787,1.39,186,125
не определён,corpus,opencorpora,0.638,0.671,0.642,1.49,105,67
не определён,corpus,opencorpora,0.647,0.725,0.77,1.38,173,112
не определён,corpus,opencorpora,0.775,0.795,0.818,1.26,102,79
не определён,corpus,opencorpora,0.722,0.796,0.807,1.26,176,127
не определён,corpus,opencorpora,0.786,0.819,0.844,1.22,117,92
не определён,corpus,opencorpora,0.622,0.739,0.797,1.35,241,150
не определён,corpus,opencorpora,0.614,0.643,0.784,1.55,153,94
не определён,corpus,opencorpora,0.516,0.592,0.683,1.69,419,216
не определён,corpus,opencorpora,0.628,0.764,0.807,1.31,417,262
не определён,corpus,opencorpora,0.851,0.838,0.871,1.19,47,40
не определён,corpus,opencorpora,0.826,0.892,0.892,1.12,121,100
не определён,corpus,opencorpora,0.763,0.849,0.863,1.18,114,87
не определён,corpus,opencorpora,0.464,0.525,0.637,1.9,401,186
не определён,corpus,opencorpora,0.806,0.833,0.822,1.2,62,50
не определён,corpus,opencorpora,0.889,0.918,0.911,1.09,63,56
не определён,corpus,opencorpora,0.765,0.875,0.883,1.14,119,91
не определён,corpus,opencorpora,0.681,0.719,0.79,1.39,163,111
не определён,corpus,opencorpora,0.541,0.673,0.768,1.49,460,249
не определён,corpus,opencorpora,0.644,0.749,0.771,1.33,413,266
не определён,corpus,opencorpora,0.598,0.687,0.765,1.46,396,237
не определён,corpus,opencorpora,0.645,0.798,0.857,1.25,414,267
не определён,corpus,opencorpora,0.689,0.825,0.842,1.21,415,286
не определён,corpus,opencorpora,0.64,0.742,0.804,1.35,422,270
не определён,corpus,opencorpora,0.705,0.778,0.857,1.29,44,31
не определён,corpus,opencorpora,0.732,0.798,0.811,1.25,153,112
не определён,corpus,opencorpora,0.513,0.537,0.51,1.86,119,61
не определён,corpus,opencorpora,0.654,0.708,0.787,1.41,130,85
не определён,corpus,opencorpora,0.679,0.752,0.841,1.33,137,93
не определён,corpus,opencorpora,0.516,0.615,0.707,1.63,434,224
не определён,corpus,opencorpora,0.698,0.754,0.814,1.33,139,97
не определён,corpus,opencorpora,0.597,0.673,0.747,1.48,196,117
не определён,corpus,opencorpora,0.73,0.754,0.811,1.33,152,111
не определён,corpus,opencorpora,0.559,0.639,0.766,1.56,245,137
не определён,corpus,opencorpora,0.68,0.788,0.795,1.27,403,274
не определён,corpus,opencorpora,0.65,0.796,0.851,1.26,448,291
не определён,corpus,opencorpora,0.869,0.9,0.905,1.11,84,73
не определён,corpus,opencorpora,0.761,0.832,0.861,1.2,117,89
не определён,corpus,opencorpora,0.635,0.748,0.832,1.34,408,259
не определён,corpus,opencorpora,0.729,0.762,0.8,1.31,129,94
не определён,corpus,opencorpora,0.672,0.822,0.873,1.22,421,283
не определён,corpus,opencorpora,0.67,0.787,0.837,1.27,409,274
не определён,corpus,opencorpora,0.74,0.744,0.75,1.34,50,37
не определён,corpus,opencorpora,0.632,0.743,0.823,1.35,440,278
не определён,corpus,opencorpora,0.776,0.855,0.898,1.17,85,66
не определён,corpus,opencorpora,0.58,0.679,0.74,1.47,250,145
не определён,corpus,opencorpora,0.604,0.727,0.667,1.38,48,29
не определён,corpus,opencorpora,0.62,0.718,0.794,1.39,192,119
не определён,corpus,opencorpora,0.621,0.69,0.744,1.45,285,177
не определён,corpus,opencorpora,0.771,0.805,0.824,1.24,131,101
не определён,corpus,opencorpora,0.652,0.697,0.742,1.44,115,75
не определён,corpus,opencorpora,0.436,0.508,0.6,1.97,78,34
не определён,corpus,opencorpora,0.537,0.676,0.674,1.48,95,51
не определён,corpus,opencorpora,0.55,0.584,0.607,1.71,278,153
не определён,corpus,opencorpora,0.719,0.8,0.857,1.25,96,69
не определён,corpus,opencorpora,0.609,0.701,0.8,1.43,289,176
не определён,corpus,opencorpora,0.72,0.77,0.789,1.3,182,131
не определён,corpus,opencorpora,0.808,0.886,0.89,1.13,151,122
не определён,corpus,opencorpora,0.763,0.891,0.889,1.12,135,103
не определён,corpus,opencorpora,0.7,0.781,0.801,1.28,237,166
не определён,corpus,opencorpora,0.699,0.752,0.813,1.33,153,107
не определён,corpus,opencorpora,0.639,0.713,0.777,1.4,244,156
не определён,corpus,opencorpora,0.688,0.807,0.827,1.24,404,278
не определён,corpus,opencorpora,0.753,0.804,0.874,1.24,178,134
не определён,corpus,opencorpora,0.593,0.679,0.767,1.47,312,185
не определён,corpus,opencorpora,0.586,0.66,0.723,1.51,399,234
не определён,corpus,opencorpora,0.601,0.686,0.701,1.46,203,122
не определён,corpus,opencorpora,0.724,0.802,0.782,1.25,163,118
не определён,corpus,opencorpora,0.638,0.712,0.75,1.4,152,97
не определён,corpus,opencorpora,0.655,0.727,0.812,1.38,171,112
не определён,corpus,opencorpora,0.699,0.74,0.806,1.35,176,123
не определён,corpus,opencorpora,0.659,0.747,0.803,1.34,132,87
не определён,corpus,opencorpora,0.778,0.868,0.891,1.15,72,56
